site_url,bias
vaccinesrevealed.com, conspiracy
lifenews.com, right
indystar.com, leftcenter
clear-politics.com, right
transparency.org, center
sanevax.org, conspiracy
pe.com, right-center
gopusa.com, right
truthbang.net, satire
realcleardefense.com, right-center
newsrescue.com, right-center
angrypatriotmovement.com, fake-news
libertyunyielding.com, right
politico.com, leftcenter
lifehacker.com, leftcenter
politicer.com, satire
liberationnews.org, left
quackwatch.org, pro-science
columbiadailyherald.com, right-center
newatlas.com, pro-science
thewashingtonstandard.com, fake-news
alt-market.com, conspiracy
dandygoat.com, satire
sciencenews.org, pro-science
politichicks.com, right
glamour.com, leftcenter
mbganews.com, fake-news
chicagotribune.com, leftcenter
afp.com, center
politicsthatwork.com, leftcenter
teddystick.com, fake-news
who.int, pro-science
redstatejournalist.com, fake-news
beforeitsnews.com, fake-news
bridgemi.com, center
openthegovernment.org, center
democratandchronicle.com, leftcenter
home.nra.org, right
twincities.com, leftcenter
theheartysoul.com, conspiracy
thefreepatriot.org, fake-news
molonlabemedia.com, fake-news
sunlightfoundation.com, center
ladylibertysnews.com, fake-news
proudemocrat.com, left
nextgov.com, center
heraldsun.com.au, right-center
todaydispatch.com, fake-news
worldsocialism.org, left
legalinsurrection.com, right
rightjournalist.com, fake-news
aidc.org.za, left
city-journal.org, right
host.madison.com, center
dailytelegraph.com.au, right
time.com, leftcenter
thefrisky.com, left
modernliberals.com, left
dcwhispers.com, right
americanjournalreview.com, fake-news
mygoogle.ca, fake-news
conservativebase.com, right
jewwatch.com, fake-news
dallasvoice.com, left
westernsentinel.com, fake-news
myzonetoday.com, fake-news
nottnews.com, satire
atlantablackstar.com, leftcenter
faithwire.com, right
harvardpolitics.com, center
aclj.org, right
teapartypatriots.org, right
fresnobee.com, leftcenter
abovetopsecret.com, conspiracy
globalintegrity.org, center
hindustantimes.com, leftcenter
tharawat-magazine.com, right-center
americanprogress.org, left
aaas.org, pro-science
theeventchronicle.com, conspiracy
rfa.org, leftcenter
japantimes.co.jp, center
conservativefiringline.com, fake-news
youthradio.org, leftcenter
qz.com, leftcenter
principia-scientific.org, conspiracy
cnet.com, pro-science
howstuffworks.com, pro-science
plos.org, pro-science
panampost.com, leftcenter
nationalenquirer.com, fake-news
fortune.com, right-center
thehardtimes.net, satire
wsj.com, right-center
fraserinstitute.org, right-center
inquirer.net, leftcenter
intellectualtakeout.org, right
naturalnews.com, conspiracy
imowired.com, fake-news
70news.wordpress.com, fake-news
personalliberty.com, fake-news
theglobeandmail.com, leftcenter
bluedotdaily.com, left
ire.org, center
shameproject.com, leftcenter
9news.com.au, right-center
consumerist.com, center
humanprogress.org, right-center
votevets.org, leftcenter
metabunk.org, center
alternet.org, left
investmentwatchblog.com, conspiracy
pjmedia.com, right
endingthefed.com, fake-news
dailyherald.com, right-center
newsweek.com, leftcenter
libertytalk.fm, right
powerlineblog.com, right
wikipedia.org, center
nextavenue.org, center
theconservativetreehouse.com, right
theconversation.com, center
nccivitas.org, right
nationalreport.net, satire
monthlyreview.org, leftcenter
smartnews.com, center
peacock-panache.com, left
eurasiagroup.net, center
newslookup.com, center
draxe.com, conspiracy
bluestemprairie.com, leftcenter
conservativemedia.com, fake-news
emptywheel.net, leftcenter
themilitant.com, left
studentnewsdaily.com, right-center
ff.org, right
bluevision.news, fake-news
theintellectualist.co, left
federalisttribune.com, fake-news
newsbud.com, conspiracy
thejournal.ie, center
fullfact.org, center
noscomunicamos.com, fake-news
engadget.com, leftcenter
economicshelp.org, leftcenter
knightstemplarinternational.com, fake-news
jewishworldreview.com, right
ipatriot.com, right
tvw.org, center
newslogue.com, left
wonkette.com, left
bipartisanreport.com, fake-news
patriotbeacon.com, fake-news
ispp.org, pro-science
thefingnews.com, left
washingtonbabylon.com, right-center
thefederalistpapers.org, fake-news
cracked.com, satire
activistpost.com, conspiracy
duffelblog.com, satire
davidicke.com, conspiracy
cookpolitical.com, center
gaystarnews.com, leftcenter
gotquestions.org, conspiracy
thecommonsenseshow.com, conspiracy
nextbigfuture.com, pro-science
whydontyoutrythis.com, conspiracy
desertsun.com, right-center
newsday.com, leftcenter
subjectpolitics.com, fake-news
ncpolicywatch.com, leftcenter
neurosciencenews.com, pro-science
the-postillon.com, satire
usapoliticsnow.com, fake-news
patrioticviralnews.com, fake-news
redyouth.org, left
progressivearmy.com, left
homeopathyjournal.net, conspiracy
news.sky.com, leftcenter
undergroundnewsreport.com, satire
leftsideofhistory.com, left
chinapost.com.tw, center
americanprinciplesproject.org, fake-news
politicalblindspot.com, conspiracy
msn.com, leftcenter
healthnutnews.com, conspiracy
icenews.is, leftcenter
medicine.news, conspiracy
citizensunited.org, right
hsionline.com, conspiracy
cato.org, right-center
euractiv.com, leftcenter
democracynow.org, left
21stcenturywire.com, conspiracy
presstv.com, leftcenter
freedomhouse.org, right-center
tpusa.com, right
viralliberty.com, fake-news
cityandstateny.com, center
thebureauinvestigates.com, center
cpac.ca, center
ucsusa.org, pro-science
azcentral.com, right-center
lastdeplorables.com, fake-news
thesmokinggun.com, right-center
jewishbreakingnews.com, right-center
americanscientist.org, pro-science
elitedaily.com, left
punchingbagpost.com, right-center
blueinformer.com, fake-news
knoxreport.com, right
nowtheendbegins.com, conspiracy
theinternetpost.net, conspiracy
oann.com, right
worldpoliticsreview.com, center
thepeoplestruth.com, fake-news
fightpp.org, right
newstarget.com, conspiracy
fastcompany.com, leftcenter
hoover.org/publications/policy-review, right
thestranger.com, leftcenter
ncse.com, pro-science
front.moveon.org, left
smoloko.com, fake-news
journal.frontiersin.org, pro-science
calgaryherald.com, leftcenter
ahtribune.com, leftcenter
cnbc.com, leftcenter
globalinfotoday.com, fake-news
usjournalreview.com, fake-news
pri.org, leftcenter
whowhatwhy.org, left
thebreakingnews.today, fake-news
disobedientmedia.com, right
inews.co.uk, leftcenter
patheos.com, center
startribune.com, leftcenter
times.com.mx, satire
theecjournal.com, right-center
middleeastmonitor.com, left
drainingtheswamp.info, fake-news
tdtalliance.com, fake-news
lawnewz.com, leftcenter
truth-out.org, left
newsela.com, center
nrdc.org, leftcenter
morningledger.com, conspiracy
politicalinbox.com, fake-news
liberalmountain.com, leftcenter
consnation.com, fake-news
faithfamilyamerica.com, right-center
earthfirstjournal.org, left
resistancemedia.org, right
empireherald.com, fake-news
miaminewtimes.com, left
themarysue.com, left
burrardstreetjournal.com, satire
economist.com, center
patriotupdate.com, fake-news
newsbreakshere.com, fake-news
truthfeed.com, fake-news
wilsoncenter.org, center
triblive.com, right-center
telesurtv.net, left
baptistnews.com, leftcenter
sandiegouniontribune.com, right-center
projectveritas.com, right
geopoliticsalert.com, leftcenter
thetab.com, leftcenter
maplight.org, center
sundaysportonline.co.uk, satire
muncievoice.com, leftcenter
jstor.org, pro-science
publicpolicypolling.com, center
breakthrough.holylandnutrition.com, conspiracy
stopfake.org, leftcenter
usanews4u.us, fake-news
adelaidenow.com.au, right
mediazone.news, fake-news
ncbi.nlm.nih.gov, pro-science
cnn.com, left
conservativeoutfitters.com, right
itsgoingdown.org, left
democraticunderground.com, left
nytimes.com, leftcenter
avoiceformen.com, fake-news
newmatilda.com, leftcenter
themaven.net, left
redpolitics.us, fake-news
thetrumpmedia.com, fake-news
bostonglobe.com, leftcenter
bjreview.com, leftcenter
postbulletin.com, right-center
girlsjustwannahaveguns.com, fake-news
gq.com, left
rightwingnews.com, fake-news
thebalance.com, center
debatepost.com, right
cpj.org, center
earthmagazine.org, pro-science
usapubliclife.com, fake-news
futureinamerica.com, right
adobochronicles.com, satire
realclimate.org, pro-science
thebaffler.com, leftcenter
thestar.com, leftcenter
represent.us, center
en.radiovaticana.va, fake-news
religionmind.com, conspiracy
newrepublic.com, left
faithpanda.com, conspiracy
srnnews.com, right-center
abc.net.au, center
acpeds.org, fake-news
puppetstringnews.com, fake-news
newamericannews.com, conspiracy
bigleaguepolitics.com, right
hollywoodreporter.com, leftcenter
mysanantonio.com, leftcenter
nextnewsnetwork.com, right
nation.com.pk, right-center
westmonster.com, right-center
samuel-warde.com, left
econewsmedia.org, conspiracy
politicsusanews.com, fake-news
independentlivingnews.com, conspiracy
lewrockwell.com, right
beholdisrael.org, conspiracy
liberalsociety.com, fake-news
conservativearmy88.com, fake-news
blue-route.org, left
westernjournalism.com, right
livingwhole.org, conspiracy
clarionproject.org, fake-news
westernfreepress.com, right
youngcons.com, right
fitsnews.com, right-center
eaglerising.com, fake-news
russia-insider.com, right-center
morningstaronline.co.uk, left
bust.com, left
medium.com, leftcenter
agerpres.ro, center
rt.com, right-center
weaselzippers.us, right
wired.com, leftcenter
news.harvard.edu, center
taskandpurpose.com, center
pressherald.com, leftcenter
politicalears.com, fake-news
teapartytribune.com, right
tytnetwork.com, left
freep.com, leftcenter
oilprice.com, right-center
investors.com, right-center
yesimright.com, fake-news
nationalmemo.com, left
theness.com, pro-science
theihs.org, right-center
theoslotimes.com, leftcenter
powderedwigsociety.com, fake-news
merionwest.com, center
afr.com, center
realclearinvestigations.com, right-center
skeptic.com, pro-science
americanfreepress.net, conspiracy
nationalobserver.com, leftcenter
truebluescoop.com, fake-news
theshovel.com.au, satire
followthemoney.org, center
alternativemediasyndicate.com, fake-news
thehayride.com, right
theresurgent.com, right
usafacts.org, center
investigaterussia.org, leftcenter
bostonherald.com, right-center
quantamagazine.org, pro-science
pacificresearch.org, right-center
americanconsequences.com, right
rollingstone.com, leftcenter
usahitman.com, conspiracy
newsline.com, right-center
torontosun.com, right
heartland.org, right
feministing.com, left
cscmediagroupus.com, right
leftaction.com, left
mentalfloss.com, center
stpete4peace.org, left
uft.org, leftcenter
thirdway.org, center
recode.net, center
al-monitor.com, leftcenter
councilforthenationalinterest.org, leftcenter
siouxcityjournal.com, center
bmj.com, pro-science
stocksnewsdaily.com, leftcenter
naturalcures.com, conspiracy
metro.co.uk, leftcenter
conspatriot.com, fake-news
bluetribune.com, fake-news
washingtontimes.com, right-center
counterpropa.com, conspiracy
americablog.com, left
news.err.ee, center
powerofnative.com, fake-news
rense.com, conspiracy
standard.net, center
intrepidreport.com, left
conservapedia.com, fake-news
waterfordwhispersnews.com, satire
kuow.org, leftcenter
daily49er.com, left
huffingtonpost.com, left
quillette.com, right-center
movingleft.com, fake-news
france24.com, leftcenter
reuters.com, center
londonwebnews.com, fake-news
thesaturdaypaper.com.au, leftcenter
publicintegrity.org, center
assassinationscience.com, conspiracy
wallstreetonparade.com, leftcenter
nmws.us, fake-news
thesunmagazine.org, leftcenter
geoengineeringwatch.org, conspiracy
redstatepundit.com, fake-news
usatoday.com, center
electronicintifada.net, left
mediashift.org, center
latimes.com, leftcenter
toinformistoinfluence.com, leftcenter
meanlefthook.com, left
politifact.com, center
kentucky.com, leftcenter
sonsoflibertymedia.com, fake-news
smh.com.au, leftcenter
piie.com, center
leftfootforward.org, left
stormcloudsgathering.com, conspiracy
reporterslab.org, center
dailyhive.com, leftcenter
truthexaminer.com, fake-news
freebeacon.com, right
c-span.org, center
americanbridgepac.org, left
cis.org, fake-news
timesunion.com, leftcenter
newswithviews.com, fake-news
newint.org, left
nevo.news, fake-news
countdowntozerotime.com, conspiracy
bloodandsoil.org, fake-news
sfchronicle.com, leftcenter
savannahnow.com, right-center
ebar.com, left
politicususa.com, left
belfercenter.org, center
geologyin.com, pro-science
nautil.us, pro-science
lohud.com, leftcenter
collective-evolution.com, conspiracy
deseretnews.com, right-center
justfacts.com, right-center
amren.com, fake-news
orlandosentinel.com, right-center
consciouslifenews.com, conspiracy
advocate.com, left
pnas.org, pro-science
thepeoplescube.com, satire
wakeup-world.com, conspiracy
thepublicdiscourse.com, fake-news
iwf.org, right
esquire.com, left
countercurrentnews.com, conspiracy
mexiconewsdaily.com, leftcenter
worldnewsdailyreport.com, satire
babylonbee.com, satire
whatreallyhappened.com, conspiracy
csglobe.com, conspiracy
rightweb.irc-online.org, leftcenter
ancient-code.com, conspiracy
govtslaves.info, conspiracy
gallup.com, center
voiceofsandiego.org, center
crosscut.com, leftcenter
naturalcuresnotmedicine.info, conspiracy
itv.com, right-center
federalistnation.com, fake-news
outlook.monmouth.edu, center
borderlandalternativemedia.com, fake-news
responsibletechnology.org, conspiracy
aurora-news.us, fake-news
ibleedredwhiteblue.com, right
historynewsnetwork.org, leftcenter
southafricatoday.net, fake-news
theguardiansofdemocracy.com, left
answersingenesis.org, conspiracy
religionnews.com, leftcenter
crimeresearch.org, right
propornot.com, conspiracy
epi.org, leftcenter
liberalamerica.org, left
rightalerts.com, fake-news
redwhiteandright.com, fake-news
usanewsflash.com, fake-news
defenseone.com, center
skyandtelescope.com, pro-science
shareably.net, center
patriothangout.com, fake-news
states-tv.com, fake-news
rightwingwatch.org, left
horowitzfreedomcenter.org, fake-news
democracy21.org, leftcenter
world.wng.org, right
christianaction.org, fake-news
stiltonsplace.blogspot.com, satire
drudge.com, left
milo.yiannopoulos.net, fake-news
news.groopspeak.com, left
democraticreview.com, fake-news
creambmp.com, satire
empirenews.net, satire
bitchmedia.org, left
freetelegraph.com, fake-news
valuewalk.com, right-center
kansascity.com, leftcenter
illuminati-news.com, conspiracy
freespeech.org, left
cnn-globalnews.com, fake-news
albawaba.com, center
christianscience.com, conspiracy
atlbanana.com, satire
villagevoice.com, left
therightstuff.biz, fake-news
gomerblog.com, satire
thequint.com, right-center
libertyviral.com, right-center
theproudliberal.org, fake-news
wearechange.org, conspiracy
dailypress.com, right-center
armstrongeconomics.com, right-center
splcenter.org, leftcenter
hillarybeattrump.org, satire
thecollegefix.com, right
stgeorgegazette.com, satire
16wmpo.com, satire
richmond.com, right-center
christianitytoday.com, right-center
flashnewscorner.com, fake-news
washingtonjournal.com, left
redalertpolitics.com, right
astronomy.com, pro-science
wgntv.com, leftcenter
myrightamerica.com, fake-news
bustle.com, leftcenter
observeronline.news, satire
therealstrategy.com, right
allenwestrepublic.com, fake-news
floridasunpost.com, fake-news
themilreview.com, right
clashdaily.com, fake-news
ancient-origins.net, conspiracy
judicialwatch.org, right
theuspatriot.com, fake-news
campaignlifecoalition.com, right
consortiumnews.com, center
nakedcapitalism.com, right-center
verafiles.org, center
militarytimes.com, right-center
friendsofscience.org, conspiracy
offgridsurvival.com, right
americanpatriotdaily.com, fake-news
ushealthyadvisor.com, fake-news
allthatsfab.com, left
davidwolfe.com, conspiracy
rilenews.com, satire
congress.gov, center
infiniteunknown.net, conspiracy
charismanews.com, conspiracy
healtheternally.com, conspiracy
stltoday.com, leftcenter
pravdareport.com, left
newnation.org, fake-news
reductress.com, satire
jointcenter.org, leftcenter
commdiginews.com, right-center
chicagoreader.com, left
freedomsfinalstand.com, fake-news
nymag.com, left
theracketreport.com, satire
itaglive.com, fake-news
bdnews24.com, center
conspiracyplanet.com, conspiracy
taxjustice.net, leftcenter
rsf.org, center
aps.org, pro-science
ourlandofthefree.com, satire
occupydemocrats.com, fake-news
madamericannetwork.com, fake-news
foreignpolicy.com, center
americanlookout.com, fake-news
this.org, left
emirates247.com, leftcenter
circa.com, right-center
publicinterestlegal.org, right-center
chroniclesofdemocracy.com, left
freewestmedia.com, center
statesmanjournal.com, right-center
cato.org/regulation, right-center
deadspin.com, left
urban.org, leftcenter
revealnews.org, leftcenter
harpers.org, leftcenter
oklahoman.com, right-center
legitgov.org, leftcenter
rollcall.com, center
theseattletribune.com, satire
mwcnews.net, leftcenter
knowyourmeme.com, center
dailymail.co.uk, right
cap-news.com, satire
theestablishment.co, left
themoscowtimes.com, leftcenter
opposingviews.com, leftcenter
conservativeshere.com, right
lifezette.com, right
insidehighered.com, leftcenter
newobserveronline.com, fake-news
bgr.com, leftcenter
campusreform.org, right
reason.com, right-center
al.com, right-center
berkshireeagle.com, leftcenter
resourcegovernance.org, leftcenter
conservative101.com, fake-news
twisted.news, conspiracy
unclesamsmisguidedchildren.com, fake-news
ilovemyfreedom.org, fake-news
economictimes.indiatimes.com, leftcenter
greensboro.com, leftcenter
projectpurge.com, fake-news
vox.com, left
thejakartapost.com, center
arabnews.com, right-center
hudson.org, right
daltondailycitizen.com, right-center
slate.com, left
larouchepac.com, conspiracy
redice.tv, fake-news
usadosenews.com, fake-news
nih.gov, pro-science
ohio.com, leftcenter
theverge.com, leftcenter
techxplore.com, pro-science
thewest.com.au, right-center
truthbetold.news, center
uniquewebmagazine.com, fake-news
rawstory.com, left
usapoliticstoday.com, right
en.bbarta24.net, center
zootfeed.com, fake-news
newsnow.co.uk, center
stubhillnews.com, satire
secureamericanow.org, right
public.wmo.int, pro-science
dailycurrant.com, satire
earth.columbia.edu, center
abcnews.go.com, leftcenter
ivn.us, center
heatst.com, right
proudcons.com, fake-news
americanintelligencereport.com, conspiracy
sandiegofreepress.org, leftcenter
mediaite.com, left
whale.to, conspiracy
washingtonmonthly.com, left
offendedamerica.com, right
nodisinfo.com, conspiracy
fedsalert.com, satire
psmag.com, leftcenter
fellowshipoftheminds.com, conspiracy
wellnessachiever.net, conspiracy
blacklistednews.com, conspiracy
nutritionfacts.org, conspiracy
mediafactwatch.com, conspiracy
mrc.org, right
castanet.net, center
janes.com, center
policyed.org, right-center
viraldevil.com, satire
standard.co.uk, right-center
thegazette.com, right-center
uproxx.com, left
hoover.org, right-center
blackgenocide.org, fake-news
mcclatchydc.com, center
au.org, left
infowars.com, conspiracy
en-volve.com, fake-news
putintrump.org, leftcenter
vermontindependent.org, left
teaparty.org, fake-news
worldpoliticus.com, fake-news
derfmagazine.com, satire
thefiscaltimes.com, right-center
tribunist.com, right
www3.nhk.or.jp, center
silive.com, leftcenter
newsone.com, leftcenter
tribunemagazine.org, left
escapeallthesethings.com, conspiracy
watchdog.org, right-center
americafans.com, fake-news
americanthinker.com, right
thenationalpulse.com, fake-news
gizmodo.com, left
statnews.com, center
insidephilanthropy.com, leftcenter
bullshido.net, center
jpost.com, leftcenter
neonnettle.com, conspiracy
liberty-courier.com, fake-news
lynx.media, right-center
hellochristian.com, conspiracy
usadailypost.us, fake-news
crooksandliars.com, left
factscan.ca, center
news-gazette.com, right-center
dailyheadlines.net, fake-news
jta.org, center
doubtfulnews.com, pro-science
israelnationalnews.com, right-center
satiratribune.com, satire
propublica.org, leftcenter
spectator.co.uk, right-center
conservativespirit.com, fake-news
progressivestoday.com, fake-news
ourhealthguides.com, conspiracy
sbs.com.au, leftcenter
oureyeonislam.com, fake-news
medscape.com, pro-science
govexec.com, center
upi.com, center
samefacts.com, left
politicalupdater.com, left
humansarefree.com, conspiracy
japantoday.com, right-center
independent.ie, right-center
carnegieendowment.org, center
controversialtimes.com, right
independent.org, right-center
nypost.com, right-center
curvemag.com, left
trueactivist.com, fake-news
irrawaddy.com, leftcenter
skeptics.com.au, pro-science
judicialnetwork.com, right
lifesitenews.com, right
scarymommy.com, left
cctv-america.com, leftcenter
conservativetribune.com, fake-news
judithcurry.com, conspiracy
bigbluevision.org, fake-news
indianexpress.com, center
justfactsdaily.com, right-center
fusion.net, leftcenter
andersoninstitute.com, conspiracy
necn.com, leftcenter
factmyth.com, leftcenter
tass.com, right-center
skepticalscience.com, pro-science
economyincrisis.org, left
g-a-i.org, right
chroniclesmagazine.org, right
shoebat.com, conspiracy
statesman.com, leftcenter
investopedia.com, center
populartechnology.net, conspiracy
greentechmedia.com, leftcenter
group30.org, right-center
desmoinesregister.com, right-center
chicago.suntimes.com, leftcenter
churchmilitant.com, right
theskimm.com, center
truthuncensored.net, fake-news
fmobserver.com, satire
prwatch.org, left
adl.org, leftcenter
popularresistance.org, left
therantidote.com, right
staradvertiser.com, leftcenter
cernovich.com, fake-news
thisisthezerohour.com, leftcenter
rapturenewsnetwork.com, conspiracy
hurriyetdailynews.com, leftcenter
dailynewsbin.com, left
theburningspear.com, left
tampabay.com, leftcenter
macleans.ca, leftcenter
english.aawsat.com, center
theoutline.com, left
warontherocks.com, center
foreignaffairs.com, center
metro.us, leftcenter
international.thenewslens.com, right-center
libertyvideos.org, conspiracy
viralactions.com, satire
csmonitor.com, center
natmonitor.com, leftcenter
freedomdaily.com, fake-news
baltimoresun.com, leftcenter
dailysabah.com, right
undergroundhealth.com, conspiracy
rationalwiki.org, leftcenter
euromaidanpress.com, leftcenter
procon.org, center
politifeed.net, right
almasdarnews.com, leftcenter
hpenews.com, right-center
wilderness.org, leftcenter
betootaadvocate.com, satire
liveaction.org, conspiracy
psychologytoday.com, pro-science
lexingtoninstitute.org, right-center
aceflashman.wordpress.com, satire
britainfirst.tv, fake-news
conservativepoliticus.com, fake-news
usinfonews.com, fake-news
house.gov, center
mediamatters.org, left
concernedwomen.org, fake-news
thechristianleft.org, leftcenter
progressive.org, left
australiannationalreview.com, conspiracy
bluenationreview.com, left
modernalternativemama.com, conspiracy
libertybrief.com, fake-news
sayfiereview.com, center
patribotics.blog, fake-news
asia-pacificresearch.com, conspiracy
uspostman.com, fake-news
wattsupwiththat.com, conspiracy
leftscoop.com, left
taxpayer.com, right-center
phnompenhpost.com, center
theblacksphere.net, right
duhprogressive.com, satire
english.ahram.org.eg, center
populardemocracy.org, leftcenter
worldcantwait.net, left
knowledgeoftoday.org, conspiracy
bellingcat.com, center
eng.majalla.com, center
politicaldig.com, left
livingresistance.com, conspiracy
reaganwasright.com, satire
pamelageller.com, fake-news
celebtricity.com, satire
americanmilitarynews.com, right
worldaffairsjournal.org, leftcenter
tennesseestar.com, right
theguardian.com, leftcenter
eagletribune.com, center
unicornriot.ninja, leftcenter
globaltimes.cn, leftcenter
citizen-times.com, leftcenter
whitehouse.gov, right
autismspeaks.org, conspiracy
ammoland.com, right
ocregister.com, right-center
antiwar.com, right-center
truthbroadcastnetwork.com, conspiracy
returnofkings.com, fake-news
people.com, left
dailyrecord.co.uk, left
amnesty.org, center
theweek.com, leftcenter
foreignpolicyi.org, right-center
csis.org, center
christiannewsalerts.com, right
thebostontribune.com, fake-news
change.org, left
dataasylum.com, conspiracy
thelapine.ca, satire
realclearscience.com, pro-science
ukcolumn.org, conspiracy
atlanticmedia.com, leftcenter
rescue.org, center
en.wikipedia.org, left
knightfoundation.org, leftcenter
prophecytoday.com, conspiracy
gopocalypse.org, left
liberaldarkness.com, satire
stuff.co.nz, leftcenter
space.com, pro-science
telegraph.co.uk, right-center
parallax.news, center
learnliberty.org, right-center
freedumjunkshun.com, satire
winningdemocrats.com, fake-news
votesmart.org, center
niskanencenter.org, center
libertyheadlines.com, right
freedomoutpost.com, fake-news
supremepatriot.com, fake-news
splinternews.com, left
allenbwest.com, right
christiantoday.info, conspiracy
getreligion.org, right
familysurvivalheadlines.com, conspiracy
energycitizens.org, right
aol.com, leftcenter
en.metapedia.org, fake-news
lgbtqnation.com, left
stateofthenation2012.com, fake-news
leftjustified.com, leftcenter
interpretermag.com, leftcenter
watchers.news, pro-science
gatestoneinstitute.org, right
hrw.org, leftcenter
timespolice.com, fake-news
chicagoreporter.com, leftcenter
christwire.org, satire
trueviralnews.com, center
worldtribune.com, right
popsci.com, pro-science
worldtruth.tv, conspiracy
federaltimes.com, center
bigthink.com, center
nationalnewswatch.com, leftcenter
neverrepublican.com, fake-news
kff.org, center
atomicmonkey.wordpress.com, satire
firstpost.com, left
openmagazines.com, fake-news
rooseveltinstitute.org, leftcenter
cleveland.com, leftcenter
alabamaobserver.com, fake-news
rappler.com, left
theage.com.au, leftcenter
newhumanist.org.uk, pro-science
sciencebasedmedicine.org, pro-science
dailynotify.com, fake-news
dailysurge.com, right
dw.com, leftcenter
goodgopher.com, fake-news
deadline.com, leftcenter
aljazeera.com, leftcenter
rightsidenews.com, fake-news
twitchy.com, right
usa-television.com, fake-news
strategic-culture.org, right-center
eurasiareview.com, center
680news.com, center
infogalactic.com, fake-news
fairus.org, fake-news
mediaroots.org, conspiracy
americamagazine.org, leftcenter
businessinsider.com, leftcenter
healthy-vibes.com, conspiracy
cowgernation.com, right
commonwealthfund.org, leftcenter
antinewsnetwork.com, conspiracy
reverepress.com, left
phys.org, pro-science
newsobserver.com, leftcenter
nasa.gov, pro-science
fairvote.org, leftcenter
jamestown.org, right-center
treehugger.com, pro-science
rstreet.org, right-center
readconservatives.news, fake-news
bnonews.com, center
lfpress.com, right-center
ronpaullibertyreport.com, right
usherald.com, fake-news
dailyusaupdate.com, fake-news
dcstatesman.com, right
aim4truth.org, conspiracy
salon.com, left
statefort.com, fake-news
southfront.org, conspiracy
dailystormer.com, fake-news
pastemagazine.com, left
100percentfedup.com, fake-news
nationalreview.com, right
embols.com, fake-news
fury.news, fake-news
spinzon.com, fake-news
dailynews.com, right-center
buzzfeed.com, leftcenter
pakalertpress.com, conspiracy
lavendermagazine.com, left
aranews.net, leftcenter
irena.org, pro-science
naturalmedicineteam.com, conspiracy
inthesetimes.com, left
colddeadhands.us, right
theduran.com, fake-news
sourcewatch.org, left
washingtonblade.com, leftcenter
ecowatch.com, conspiracy
the-japan-news.com, right-center
billmoyers.com, leftcenter
fpri.org, right-center
cdt.org, center
rep-am.com, right-center
independent.co.uk, leftcenter
universepolitics.com, fake-news
egyptianstreets.com, leftcenter
seattlepi.com, leftcenter
newcenturytimes.com, fake-news
frc.org, fake-news
peninsuladailynews.com, right-center
thedailydefender.com, right
spiked-online.com, right
smithsonianmag.com, pro-science
www1.cbn.com, conspiracy
ir.net, left
sociable.co, center
govtrack.us, center
nationinstitute.org, leftcenter
spokesman.com, right-center
toprightnews.com, fake-news
therundownlive.com, conspiracy
usnews.com, leftcenter
newromantimes.com, satire
citypaper.com, left
chronicle.com, center
defiantamerica.com, fake-news
freewoodpost.com, satire
evonomics.com, left
proamericanews.com, fake-news
ageofshitlords.com, fake-news
cnsnews.com, right
louderwithcrowder.com, right
oilandwaterdontmix.org, leftcenter
sentinelksmo.org, right
globetoday.com, left
desmogblog.com, left
fpif.org, leftcenter
insidesources.com, right-center
overpassesforamerica.com, fake-news
counterpsyops.com, conspiracy
pbs.org, leftcenter
thedailyvox.co.za, left
grist.org, leftcenter
afa.net, fake-news
thecipherbrief.com, center
mackinac.org, right-center
governing.com, leftcenter
edmontonjournal.com, leftcenter
polygraph.info, center
oppositionreport.com, fake-news
rabble.ca, left
webdaily.com, fake-news
good.is, left
ricochet.com, right
farleftwatch.com, right
ageofautism.com, conspiracy
mercurynews.com, leftcenter
turkeyandfacts.com, center
realnews24.com, conspiracy
commondreams.org, left
dcreport.org, leftcenter
mlive.com, center
globalresearch.ca, conspiracy
cbpp.org, leftcenter
newsandstoriesfromusa.com, fake-news
icr.org, conspiracy
honestreporting.com, right-center
revolution-news.com, left
autisticadvocacy.org, pro-science
listverse.com, center
stratfor.com, center
newsblaze.com, fake-news
viralcords.com, satire
thenewatlantis.com, right-center
conflict-news.com, center
newsheist.com, right-center
deadstate.org, left
thecitizenpress.com, right
news.trust.org, leftcenter
cfr.org, right-center
uspoliticsinfo.com, right
prri.org, center
news.cn, center
malaysia-today.net, center
thenewstribune.com, leftcenter
democraticmoms.com, fake-news
collectivelyconscious.net, conspiracy
blog.countable.us, center
manhattan-institute.org, right-center
wikispooks.com, conspiracy
thegopwatchdog.com, fake-news
scorchedearthnews.com, satire
fedsoc.org, right
nber.org, center
usadailytime.com, fake-news
elpasotimes.com, leftcenter
bigamericannews.com, satire
medicalxpress.com, pro-science
impeachdjtnow.com, left
sitsshow.blogspot.com, conspiracy
koreaherald.com, right-center
ynetnews.com, leftcenter
limacharlienews.com, center
express.co.uk, right
mediaequalizer.com, right
straitstimes.com, right-center
backedbyfact.com, left
timescolonist.com, leftcenter
independent.com, leftcenter
usafirstinformation.com, fake-news
thefederalist.com, right
thenews.mx, center
archaeology.org, pro-science
natall.com, fake-news
thelocal.no, leftcenter
ledevoir.com, center
ydr.com, leftcenter
369news.net, conspiracy
anews-24.com, fake-news
defenddemocracy.org, right
outsidethebeltway.com, leftcenter
eppc.org, right-center
zerohedge.com, conspiracy
theuspoliticalpost.com, left
phoenixnewtimes.com, leftcenter
france24-tv.com, fake-news
americannews.com, fake-news
newsthump.com, satire
numbersusa.com, right
thetimes.co.uk, right-center
thefifthcolumnnews.com, leftcenter
dailydiscord.com, satire
everydayfeminism.com, left
securingdemocracy.gmfus.org, center
scotsman.com, center
popularmechanics.com, pro-science
empiresports.co, satire
thehindubusinessline.com, right-center
pantagraph.com, center
spiegel.de, leftcenter
thestate.com, leftcenter
newlypress.com, right
shu.plus, satire
blackpigeonspeaks.com, fake-news
24wpn.com, fake-news
reviewjournal.com, right-center
gulfnews.com, right-center
positive.news, leftcenter
en.hawarnews.com, fake-news
afpc.org, right-center
forwardprogressives.com, left
mercatornet.com, right
thelibertybeacon.com, conspiracy
federalistpress.com, right
cbsnews.com, leftcenter
stripes.com, center
redpeople.us, fake-news
noozhawk.com, center
weeklystandard.com, right
rockcitytimes.com, satire
theinternationalreporter.org, conspiracy
lapresse.ca, leftcenter
anthropocenemagazine.org, center
staresattheworld.com, fake-news
dutchdailynews.com, leftcenter
sun-sentinel.com, right-center
tomdispatch.com, leftcenter
americanactionforum.org, right-center
newsmutiny.com, satire
memeorandum.com, center
cnntimes.online, left
dailystar.co.uk, conspiracy
theantimedia.org, conspiracy
jihadwatch.org, fake-news
anonews.co, conspiracy
transpartisanreview.com, center
truepundit.com, conspiracy
trumpers.online, fake-news
americanlibertyreport.com, right
dangerandplay.com, fake-news
the-scientist.com, pro-science
therealnews.com, leftcenter
thedailymash.co.uk, satire
indiatoday.intoday.in, center
educate-yourself.org, conspiracy
newsite.thehindu.com, leftcenter
americanindependent.com, left
themonthly.com.au, leftcenter
cftni.org, right-center
bb4sp.com, fake-news
adflegal.org, fake-news
townhall.com, right
newsy.com, leftcenter
247newsmedia.com, fake-news
heavy.com, leftcenter
christianpost.com, right
commentarymagazine.com, right
geopolitics.co, conspiracy
sctimes.com, center
thelondoneconomic.com, left
pmnightlynews.com, fake-news
democratichub.com, left
acting-man.com, right
codepink.org, left
vice.com, leftcenter
deepleftfield.info, left
dailyinfobox.com, fake-news
seeker.com, pro-science
ajc.com, leftcenter
technologyreview.com, pro-science
gearsofbiz.com, center
mrcblog.com, fake-news
redcountry.us, fake-news
livescience.com, pro-science
therightscoop.com, right
pacificpundit.com, fake-news
everynewshere.com, conspiracy
usaworldbox.com, fake-news
courant.com, leftcenter
scientificamerican.com, pro-science
usaspending.gov, center
libertynews.com, right
onlineconservativepress.com, fake-news
truthandaction.org, fake-news
extraordinaryinfo.com, conspiracy
sootoday.com, leftcenter
yournewswire.com, conspiracy
crisismagazine.com, right
ifyouonlynews.com, fake-news
dailyinsidernews.com, fake-news
thelastgreatstand.com, conspiracy
jesus-is-savior.com, conspiracy
webmd.com, pro-science
dailysignal.com, right
digifection.com, fake-news
couriermail.com.au, right-center
thecontroversialfiles.net, conspiracy
axios.com, leftcenter
understandingthethreat.com, fake-news
anotherdayintheempire.com, conspiracy
redpepper.org.uk, left
globalnews.ca, leftcenter
abc11.com, leftcenter
veteranstoday.com, conspiracy
understandrealitythroughscience.blogspot.com, pro-science
worldpolicy.org, leftcenter
arstechnica.com, pro-science
photographyisnotacrime.com, left
cleantechnica.com, leftcenter
algemeiner.com, right-center
bangkokpost.com, center
conservativepost.com, fake-news
courier-journal.com, leftcenter
foodbabe.com, conspiracy
stuppid.com, satire
thefreethoughtproject.com, conspiracy
lawfareblog.com, leftcenter
thefloridasqueeze.com, left
newsfeedhunter.com, fake-news
indymedia.org, leftcenter
newbernsj.com, center
prospect.org, left
carolinapublicpress.org, leftcenter
citizencritics.org, left
harddawn.com, satire
drudgereport.com, right
leftvoice.org, left
educateinspirechange.org, conspiracy
redrockdaily.com, fake-news
digg.com, leftcenter
freedomainradio.com, conspiracy
usa-conservative.com, fake-news
littlegreenfootballs.com, left
awm.com, right
curiousmindmagazine.com, conspiracy
dailycaller.com, right
miamiherald.com, leftcenter
latitudes.org, conspiracy
disclose.tv, conspiracy
theredshtick.com, satire
affinitymagazine.us, leftcenter
politicops.com, satire
themoderatevoice.com, center
c4ads.org, center
capoliticalreview.com, right-center
climatefeedback.org, pro-science
military.com, center
wral.com, center
tabletmag.com, leftcenter
seattletimes.com, leftcenter
newamerica.org, center
taxpolicycenter.org, leftcenter
nydailynews.com, leftcenter
web.randi.org, pro-science
sciencedaily.com, pro-science
pewresearch.org, center
thehumanist.com, center
topinfopost.com, conspiracy
breitbart.com, right
whatstheharm.net, pro-science
theepochtimes.com, center
towleroad.com, left
truthorfiction.com, center
truthchannelpolitics.com, conspiracy
pri.org/programs/globalpost, leftcenter
180report.com, center
ciponline.org, leftcenter
hangthebankers.com, fake-news
wvgazettemail.com, leftcenter
truthdig.com, left
addictinginfo.org, left
timesofsandiego.com, center
politicalcritique.org, leftcenter
syrianews.cc, fake-news
loveknowledge.org, left
patriotsvoice.info, fake-news
eff.org, leftcenter
clickhole.com, satire
thepostemail.com, right
madworldnews.com, fake-news
chicksontheright.com, right
climaterealityproject.org, left
nationalvanguard.org, fake-news
tallahassee.com, right-center
adn.com, leftcenter
bannedinformation.com, fake-news
star-telegram.com, right-center
uspoln.com, satire
stocknewsusa.com, center
dailypresser.com, fake-news
crusaderjournal.com, conspiracy
wikileaks.org, right-center
thepremiumnews.com, fake-news
redorbit.com, pro-science
project-syndicate.org, center
asamericanasapplepie.org, satire
conservativehq.com, right
sfglobe.com, leftcenter
centerforinquiry.net, center
delawareonline.com, leftcenter
everycrsreport.com, center
realtimepolitics.com, fake-news
newsbiscuit.com, satire
ibtimes.com, center
reagancoalition.com, fake-news
patriotpost.us, right
newsuptoday.com, fake-news
jezebel.com, left
content.news, left
thetyee.ca, leftcenter
cbsnews.com.co, fake-news
vesselnews.io, right
ced.org, center
president45donaldtrump.com, fake-news
zmescience.com, pro-science
alphanewsmn.com, right
thenewsliteracyproject.org, center
the-daily.buzz, left
thedailyliberator.com, right
bluevisionpost.com, fake-news
texastribune.org, center
ronpaulinstitute.org, right
enduringvision.com, satire
news24.com, center
nationalpost.com, right-center
psypost.org, pro-science
indigenous.club, fake-news
nationalgeographic.com, pro-science
biologos.org, conspiracy
fortnightlyreview.co.uk, right-center
apnews.com, center
gulagbound.com, conspiracy
aim.org, right
dailydot.com, left
globalriskinsights.com, leftcenter
mprnews.org, leftcenter
tbo.com, right-center
newpoliticstoday.com, fake-news
thinkingmomsrevolution.com, conspiracy
countercurrents.org, left
thelibertarianrepublic.com, right-center
proud-patriots.com, fake-news
i24news.tv, center
theamericanmirror.com, fake-news
ctj.org, leftcenter
northjersey.com, leftcenter
opendemocracy.net, leftcenter
therebel.media, right
irinnews.org, leftcenter
thebulletin.org, center
prntly.com, fake-news
theaustralian.com.au, right-center
nationonenews.com, fake-news
fromthetrenchesworldreport.com, conspiracy
magapill.com, fake-news
stonecoldtruth.com, fake-news
huzlers.com, satire
witscience.org, satire
informationliberation.com, fake-news
yesmagazine.org, left
guardianlv.com, left
darientimes.com, leftcenter
scotusblog.com, center
charlotteobserver.com, leftcenter
wnd.com, right
newleftreview.org, leftcenter
thevarsity.ca, leftcenter
globemagazine.com, fake-news
theday.com, center
marketwatch.com, center
nap-sack.org, left
mediacircus.com, right
newsconservative.com, fake-news
contrailscience.com, pro-science
theoswatch.com, left
theviralpatriot.com, fake-news
breakingdefense.com, right-center
wn.com, center
talkingpointsmemo.com, left
npr.org, leftcenter
naturalhealth365.com, conspiracy
allnewspipeline.com, fake-news
worldpress.org, center
theautomaticearth.com, leftcenter
tyrannyrising.com, conspiracy
realnewsrightnow.com, satire
ips-dc.org, left
jacksonville.com, right-center
nationalacademyofsciences.org, pro-science
thewhim.com, center
usuncut.com, left
godlikeproductions.com, conspiracy
theintercept.com, leftcenter
americansforprosperity.org, right
freepatriotpost.com, fake-news
viralthread.com, center
eutimes.net, conspiracy
discovery.org, conspiracy
sciencedebate.org, center
familysecuritymatters.org, right
politicoinfo.com, fake-news
valleynewslive.com, right-center
bluelivesmatter.blue, right
dpa-international.com, center
dailysnark.com, satire
dutchreview.com, leftcenter
walkwithher.com, fake-news
thewalrus.ca, left
rochdaleherald.co.uk, satire
airwars.org, center
thetruthseeker.co.uk, conspiracy
dailywire.com, right
patriotnewsdaily.com, right
aclu.org, leftcenter
iflscience.com, pro-science
forward.com, leftcenter
americanupdater.com, fake-news
thegoldwater.com, fake-news
gotnews.com, fake-news
encyclopediadramatica.se, satire
conservativefighters.com, fake-news
irishtimes.com, leftcenter
newpol.org, left
cnn.com.de, fake-news
savethemales.ca, conspiracy
discoverthenetworks.org, fake-news
thatsnonsense.com, center
newshounds.us, left
mintpressnews.com, leftcenter
beinglibertarian.com, right
awdnews.com, conspiracy
notliberal.com, right
smirkingchimp.com, left
leftwingnation.org, left
libertyhangout.org, right
worldnewspolitics.com, fake-news
liberalplug.com, fake-news
wakingtimes.com, conspiracy
zeit.de, leftcenter
skeptiko.com, conspiracy
restoreamericanglory.com, right
cbc.ca, leftcenter
news.com.au, leftcenter
globalpoliticsnow.com, fake-news
sciencealert.com, pro-science
shtfplan.com, fake-news
timesofindia.indiatimes.com, center
theunrealtimes.com, satire
workers.org, left
sciencedirect.com, pro-science
discovermagazine.com, pro-science
amny.com, leftcenter
private-eye.co.uk, satire
heraldnet.com, leftcenter
exposingtruth.com, leftcenter
egbertowillies.com, left
sheepkillers.com, conspiracy
redinfo.us, fake-news
alaraby.co.uk, leftcenter
vocativ.com, center
conservativereview.com, right
dailybuzzlive.com, fake-news
thegoodlordabove.com, satire
biggovernment.news, right
tasnimnews.com, right
humanevents.com, right
thedailybanter.com, left
vidmax.com, fake-news
thetruthdivision.com, fake-news
ilovenativeamericans.us, conspiracy
americasfreedomfighters.com, fake-news
conservativebyte.com, fake-news
awarenessact.com, conspiracy
jookos.com, fake-news
insideclimatenews.org, leftcenter
scoopwhoop.com, leftcenter
whatmattersnews.com, left
regated.com, right
oregonlive.com, right-center
pennlive.com, leftcenter
speakgov.com, fake-news
ipolitics.ca, leftcenter
thesciencepost.com, satire
currentaffairs.org, left
newmoderate.com, leftcenter
freedomcrossroads.us, satire
redoubtnews.com, conspiracy
washingtonpost.com, leftcenter
icrw.org, leftcenter
healthimpactnews.com, conspiracy
ft.com, center
mirror.co.uk, left
bearingarms.com, right
conservativeinfocorner.us, fake-news
latintimes.com, leftcenter
themarshallproject.org, center
justsecurity.org, center
sharednewsreport.com, fake-news
antifascistnews.net, left
montrealgazette.com, leftcenter
motherjones.com, left
stream.org, conspiracy
merryjane.com, left
texasstandard.org, center
readingthepictures.org, left
bradford-delong.com, left
americannewsx.com, left
endtimeheadlines.org, conspiracy
earthpulse.com, conspiracy
cosmicintelligenceagency.com, conspiracy
news.grabien.com, center
usasupreme.com, fake-news
politifact.news, fake-news
defendevropa.org, fake-news
viralnewsnetwork.net, conspiracy
vaccines.news, conspiracy
secondnexus.com, leftcenter
stormfront.org, conspiracy
apmreports.org, leftcenter
independentsentinel.com, right
climatecentral.org, pro-science
vivaliberty.com, right
toledoblade.com, right-center
therightists.com, fake-news
gawken.com, satire
csicop.org, pro-science
deccanherald.com, leftcenter
molad.org, left
wearethemighty.com, center
centerforsecuritypolicy.org, conspiracy
factbox.tv, leftcenter
truththeory.com, conspiracy
thereligionofpeace.com, fake-news
ncscooper.com, satire
geneticliteracyproject.org, pro-science
helsinkitimes.fi, leftcenter
brief.news, center
redflagnews.com, right
thediplomat.com, center
uschronicle.com, fake-news
crfb.org, center
weconservative.com, fake-news
rudaw.net, leftcenter
theusa-news.com, fake-news
thenewamerican.com, right
autostraddle.com, left
civictribune.com, satire
en.mercopress.com, center
theatlantic.com, leftcenter
ballotpedia.org, center
ozy.com, leftcenter
boingboing.net, left
financialexpress.com, center
leftoverrights.com, left
denverpost.com, leftcenter
firstinfreedomdaily.com, right
sojo.net, leftcenter
postandcourier.com, center
buffalonews.com, leftcenter
upworthy.com, left
timesofisrael.com, leftcenter
weforum.org, center
gop.com, right
defund.com, fake-news
windsorstar.com, leftcenter
sfgate.com, leftcenter
israelhayom.com, right-center
skeptoid.com, pro-science
en.search.farsnews.com, fake-news
newsandgutsmedia.com, leftcenter
youthrights.org, leftcenter
nature.com, pro-science
credoaction.com, leftcenter
vancouversun.com, leftcenter
thenewtropic.com, leftcenter
ewg.org, conspiracy
thechronicleherald.ca, right-center
daily.jstor.org, center
soas.ac.uk, center
space.news, conspiracy
retractionwatch.com, pro-science
elisabethparker.com, left
newbostonpost.com, right
newswars.com, fake-news
lethbridgeherald.com, leftcenter
unbiasedamerica.com, right
msnbc.com, left
reflectionofmind.org, conspiracy
debka.com, fake-news
libertywritersnews.com, fake-news
memepoliceman.com, center
other98.com, left
forbes.com, right-center
placesjournal.org, center
dispatch.com, right-center
theamericancause.org, right
undergroundjournalist.org, fake-news
cei.org, right-center
thewire.in, leftcenter
snopes.com, center
newsbusters.org, right
mises.org, right-center
npiamerica.org, fake-news
opensecrets.org, center
fair.org, leftcenter
ffrf.org, center
aip.org, pro-science
english.alarabiya.net, center
franklincenterhq.org, right-center
liberalspeak.com, fake-news
remingtonresearchgroup.com, right-center
climateactiontracker.org, pro-science
the-daily-news.co.uk, satire
conservativeflashnews.com, fake-news
arkansasonline.com, right-center
nj.com, leftcenter
lozierinstitute.org, conspiracy
alexanderhiggins.com, conspiracy
realclearpolicy.com, right-center
abriluno.com, satire
inequalitymedia.org, left
aei.org, right
sott.net, conspiracy
redstatewatcher.com, right
canadiandimension.com, left
sundayinquirer.com, fake-news
thesternfacts.com, left
vote.us.org, left
erlc.com, right
notallowedto.com, satire
newstatesman.com, left
oathkeepers.org, fake-news
jacobinmag.com, left
cbo.gov, center
jewsnews.co.il, conspiracy
post-gazette.com, leftcenter
frontpagemag.com, fake-news
redstate.com, right
freemedia.at, center
medusamagazine.com, conspiracy
climatedepot.com, conspiracy
sungress.com, satire
kmov.com, leftcenter
lifeandabout.com, right
joeforamerica.com, fake-news
kansas.com, right-center
bizpacreview.com, right
detroitnews.com, right-center
evolutionnews.org, conspiracy
dailyclimate.org, leftcenter
bbc.com, leftcenter
enhlive.com, fake-news
theblaze.com, right
thecanary.co, left
akkadiantimes.com, left
commoncause.org, leftcenter
naturalawakeningsmag.com, conspiracy
loser.com, fake-news
roanoke.com, leftcenter
mercola.com, conspiracy
thecanadianpress.com, center
politicalgarbagechute.com, satire
donaldtrumpnews.co, fake-news
intellihub.com, conspiracy
opslens.com, right
barenakedislam.com, fake-news
anonhq.com, conspiracy
earthnews2016.com, fake-news
usanewstoday.org, fake-news
doctorswithoutborders.org, center
cincinnati.com, right-center
euronews.com, center
unionleader.com, right
blackagendareport.com, left
medicaldaily.com, pro-science
calwatchdog.com, leftcenter
morningconsult.com, leftcenter
mondoweiss.net, left
bettergov.org, center
themindunleashed.org, conspiracy
chronicle.su, satire
spectator.org, right
cityworldnews.com, fake-news
nbcnews.com, leftcenter
mayoclinic.org, pro-science
helvidius.org, leftcenter
patriotfires.com, fake-news
highline.huffingtonpost.com, leftcenter
reverbpress.com, left
kfor.com, leftcenter
journals.sagepub.com, pro-science
sportspickle.com, satire
jonesreport.com, conspiracy
canadafreepress.com, right
voanews.com, center
iea.org, center
globalvoices.org, left
denverguardian.com, fake-news
syriahr.com, leftcenter
ottawacitizen.com, right-center
manilatimes.net, right-center
prospectmagazine.co.uk, leftcenter
pilotonline.com, leftcenter
freedomlibertynews.com, fake-news
thedailysheeple.com, conspiracy
nowthisnews.com, left
now8news.com, satire
cosmopolitan.com, left
kurdistan24.net, leftcenter
silenceisconsent.net, right
constitution.com, fake-news
cnas.org, center
politicalstorm.com, center
jewishpress.com, right-center
pinknews.co.uk, left
progresstribune.com, fake-news
thelastlineofdefense.org, satire
learnprogress.org, fake-news
verifiedpolitics.com, left
inquisitr.com, leftcenter
dailysquib.co.uk, satire
mashable.com, left
zdf.de, center
journalstar.com, center
washingtonexaminer.com, right-center
uawire.org, leftcenter
thenewyorkevening.com, fake-news
futurism.com, pro-science
amplifyingglass.com, satire
dailybusinessreview.com, center
alliedprogress.org, leftcenter
usaconservativereport.com, fake-news
jeffereyjaxen.com, conspiracy
americantruthseekers.com, fake-news
remnantnewspaper.com, fake-news
thespoof.com, satire
hoax-slayer.com, center
ctvnews.ca, leftcenter
pressprogress.ca, left
pgpf.org, center
amtvmedia.com, conspiracy
vanityfair.com, left
coasttocoastam.com, conspiracy
scienceillustrated.com.au, pro-science
chron.com, leftcenter
fee.org, right-center
c4ss.org, right-center
republicworld.com, leftcenter
realjewnews.com, conspiracy
headlinennews.com, satire
mainebeacon.com, leftcenter
edmontonsun.com, right-center
feministfrequency.com, leftcenter
truetrumpers.com, fake-news
trofire.com, left
thetruthaboutguns.com, right
liberalexaminer.com, left
attn.com, leftcenter
icij.org, center
tucson.com, leftcenter
larknews.com, satire
plymouthpatriotpost.com, fake-news
ewao.com, conspiracy
freakonomics.com, leftcenter
freereinreport.com, fake-news
jordantimes.com, center
airspacemag.com, pro-science
taiwannews.com.tw, center
americanpeoplenetwork.com, fake-news
palmerreport.com, left
stimson.org, center
hillarydaily.com, right
timesheadline.com, leftcenter
rrtribune.com, fake-news
freepress.net, leftcenter
sltrib.com, leftcenter
guttmacher.org, leftcenter
americantoday.news, fake-news
qpolitical.com, fake-news
revcom.us, left
cgdev.org, center
projectcensored.org, left
greenvillegazette.com, left
euobserver.com, leftcenter
callthecops.net, satire
cjnews.com, right-center
goodnewsnetwork.org, center
corbettreport.com, conspiracy
cjr.org, leftcenter
newscientist.com, pro-science
lbc.co.uk, right-center
koco.com, leftcenter
nolabels.org, center
thedailybell.com, fake-news
theroot.com, left
acculturated.com, right
abqjournal.com, center
carbonated.tv, left
swedishwire.com, center
globalskywatch.com, conspiracy
dallasnews.com, right-center
acsh.org, right-center
rewire.news, left
ifamericaknew.org, leftcenter
hotair.com, right
skepticink.com, pro-science
aap.org, pro-science
libertyisviral.com, fake-news
loonwatch.com, fake-news
thebeaverton.com, satire
filmingcops.com, left
conservativedailypost.com, fake-news
abeldanger.net, conspiracy
atlanticcouncil.org, center
opednews.com, left
sustainablepulse.com, conspiracy
thenation.com, left
squawker.org, fake-news
sacbee.com, leftcenter
eveningharold.com, satire
liberalbias.com, satire
yahoo.com, leftcenter
dailydems.com, left
ijr.com, right
martinlutherking.org, fake-news
dailyoccupation.com, conspiracy
prisonplanet.com, conspiracy
proudleader.com, fake-news
sciencevibe.com, conspiracy
wearyourvoicemag.com, left
fivethirtyeight.com, leftcenter
breakingtop.world, fake-news
financialpost.com, right-center
shadowproof.com, left
factsandlogic.org, right
israelvideonetwork.com, fake-news
thenational.ae, right-center
thegatewaypundit.com, fake-news
thedailybeast.com, left
southjerseymechanic.com, fake-news
illuminatiwatcher.com, conspiracy
debunkingskeptics.com, conspiracy
onenewsnow.com, right
thehill.com, leftcenter
sciencemag.org, pro-science
the-american-interest.com, right-center
dieharddemocrat.com, left
sputniknews.com, right-center
africanews.com, center
catholic.org, conspiracy
truthmonitor.com, fake-news
ajaonline.org, pro-science
blacklivesmatter.com, left
heritage.org, right
thinkprogress.org, left
scoopnest.com, center
ejinsight.com, center
rightsmarts.com, fake-news
thetrumpet.com, conspiracy
theknifemedia.com, center
thegrio.com, left
vigilantcitizen.com, conspiracy
secretsofthefed.com, conspiracy
dcclothesline.com, fake-news
scienceblogs.com, pro-science
theforbiddenknowledge.com, conspiracy
theonion.com, satire
taipeitimes.com, center
backchannel.com, leftcenter
thrivemovement.com, conspiracy
fas.org, pro-science
nationalinterest.org, right-center
10news.one, fake-news
thepoliticaltribune.com, fake-news
bloomberg.com, leftcenter
thesun.co.uk, right
nationaleconomicseditorial.com, fake-news
brookings.edu, leftcenter
certifiedpolitics.com, left
counterpunch.org, left
crimethinc.com, left
dailytarheel.com, leftcenter
nationmaster.com, center
journalnow.com, right-center
outabouter.com, satire
althealthworks.com, conspiracy
trunews.com, conspiracy
israelislamandendtimes.com, conspiracy
71republic.com, right
verrit.com, left
censored.news, fake-news
yellowhammernews.com, right
chronicle.augusta.com, right-center
focusonthefamily.com, fake-news
thenews.com.pk, center
thepoliticalinsider.com, right
whatdoesitmean.com, conspiracy
tmn.today, fake-news
abovethelaw.com, leftcenter
ihavethetruth.com, fake-news
abcnews.com.co, fake-news
freedomworks.org, right
thenewcivilrightsmovement.com, left
gazette.com, right-center
riverbender.com, center
liveleak.com, leftcenter
rawprogressive.com, left
thedcgazette.com, fake-news
providencejournal.com, leftcenter
happy-foxie.com, left
mic.com, leftcenter
nationofchange.org, left
scicentral.com, pro-science
react365.com, fake-news
elpais.com, leftcenter
tcf.org, leftcenter
business2community.com, center
newyorker.com, left
skepdic.com, pro-science
eastbaytimes.com, leftcenter
voiceofamericatv.com, conspiracy
sites.agu.org, pro-science
fifthestate.org, left
asheepnomore.net, conspiracy
donaldtrumppotus45.com, fake-news
libertyalliance.com, right
universitybusiness.com, leftcenter
apsa.org, pro-science
takepart.com, left
libertynation.com, right
prnewswire.mediaroom.com, center
verywell.com, pro-science
theearthchild.co.za, conspiracy
thenationalpatriot.com, fake-news
takimag.com, fake-news
haaretz.com, leftcenter
illinoispolicy.org, right
resistancereport.com, fake-news
informedowners.com, fake-news
jsonline.com, leftcenter
constitutionproject.org, center
theamericanconservative.com, right-center
tennessean.com, right-center
aattp.org, fake-news
capitalresearch.org, right
factcheck.org/scicheck, pro-science
adaa.org, pro-science
realfarmacy.com, conspiracy
realclearpolitics.com, right-center
observer.com, left
wnyc.org, leftcenter
atimes.com, center
stepfeed.com, leftcenter
scmp.com, center
breitbartunmasked.com, left
vdare.com, fake-news
muricatoday.com, conspiracy
societyforscience.org, pro-science
surenews.com, fake-news
brokenworldnews.com, satire
msmagazine.com, left
nola.com, leftcenter
foxnews.com, right
newrevolutionnow.org, right
greenpeace.org, conspiracy
conservativedailynews.com, right
observatory.journalism.wisc.edu, center
sofrep.com, right-center
freakoutnation.com, fake-news
peta.org, conspiracy
thenewsnerd.com, satire
dailykos.com, left
sonorannews.com, right
truthinmedia.com, right
americanfirearms.org, right-center
newschicken.com, fake-news
nationaljournal.com, center
nationalcenter.org, right
omaha.com, right-center
thedailycheck.net, conspiracy
fakenewscodex.com, center
deathandtaxesmag.com, left
goneleft.com, fake-news
thetruthaboutcancer.com, conspiracy
dissentmagazine.org, left
crisisgroup.org, leftcenter
techcrunch.com, leftcenter
politicalsitenews.com, fake-news
rickwells.us, fake-news
zcomm.org, left
alec.org, right
tdnewswire.com, fake-news
novinite.com, center
calgarysun.com, right-center
washingtonfeed.com, fake-news
naacp.org, leftcenter
christiantimesnewspaper.com, conspiracy
poynter.org, center
pulsegulfcoast.com, leftcenter
bizstandardnews.com, satire
us.blastingnews.com, leftcenter
newscorpse.com, left
americanflavor.news, fake-news
chinadaily.com.cn, center
newsmax.com, right
healthcarefinancenews.com, center
downtrend.com, fake-news
usaviralnewstoday.com, fake-news
ihealthtube.com, conspiracy
aeon.co, leftcenter
taxfoundation.org, right-center
pogo.org, center
mynewsguru.com, fake-news
thehornnews.com, fake-news
newsinsideout.com, conspiracy
dailyrecord.com, center
journals.cambridge.org, center
againstcronycapitalism.org, right
shareblue.com, left
factcheck.org, center
consmovement.com, fake-news
truthrevolt.org, fake-news
philly.com, leftcenter